person_id,person_name,person_surname,relation
1,Blayne,McTeggart,
2,Valentin,Drewe,
3,Erek,St Ledger,
4,Appolonia,Climpson,
5,Kelley,O'Corr,
6,Dorolisa,Janny,
7,Cristina,Scardafield,
8,Rachelle,Crummay,
9,James,Peartree,
10,Che,Hordell,
11,Connie,Johns,
12,Tobey,Lorenzini,
13,Mellicent,Wheelan,
14,Irita,Paulat,
15,Retha,Hegges,
16,Blake,Kleinber,
17,Maureen,Tredget,
18,Aaren,Walczynski,
19,Donnajean,Vallack,
20,Kayla,Speirs,
21,Leona,Chasteney,
22,Trstram,Hembrow,
23,Jillie,Swenson,
24,Craggie,Patria,
25,Nettie,Parkes,
26,Gallard,Pennigar,
27,Kiley,Panner,
28,Agathe,Barnham,
29,Jackie,Bubeer,
30,Monah,Golborne,
31,Erek,Fayer,
32,Donielle,Northeast,
33,Pattie,Hughman,
34,Fair,Derycot,
35,Raynell,Edmondson,
36,Keri,Boar,
37,Hillie,Eakeley,
38,Aigneis,Heild,
39,Ellette,Bickford,
40,L;urette,Winslett,
41,Melisenda,Planke,
42,Jennine,Merry,
43,Amandie,Raubenheimers,
44,Ronnica,Erickson,
45,Sandi,Barbery,
46,Gerrie,Brockbank,
47,Edeline,Rulton,
48,Caroline,Oldman,
49,Mora,Rebichon,
50,Monika,Perren,
51,Marvin,Tumber,
52,Pearle,Filde,
53,Jessika,Brokenshire,
54,Dav,Creaney,
55,Paulina,Von Brook,
56,Sula,Hails,
57,Oona,Dallaghan,
58,Celle,Gyer,
59,Cathyleen,Le Friec,
60,Far,Harty,
61,Bekki,Michurin,
62,Phillie,Taffarello,
63,Mackenzie,Gustus,
64,Kimble,Penvarne,
65,Vanny,Writtle,
66,Oralia,Goundrill,
67,Stefania,Durtnall,
68,Willem,Ameer-Beg,
69,Granville,Muckersie,
70,Alfreda,Earley,
71,Veronika,Gregoletti,
72,Truman,Sinnat,
73,Grenville,Foord,
74,Amaleta,Tysack,
75,Fannie,Gligorijevic,
76,Kit,Menichelli,
77,Naomi,Fidele,
78,Norean,Corton,
79,Newton,McEttigen,
80,Persis,MacGovern,
81,Odie,Mapes,
82,Cristina,Wanek,
83,Bathsheba,Dominey,
84,Baillie,Chicchetto,
85,Dulcea,Calderon,
86,Jess,Edards,
87,Dudley,Stinson,
88,Paddie,Himsworth,
89,Alexandr,Bogue,
90,Calhoun,Roocroft,
91,Ronny,Libbis,
92,Alika,Tumility,
93,Sula,Dorant,
94,Myles,Braine,
95,Tandie,Goulborne,
96,Charleen,Cellier,
97,Westbrook,Flute,
98,Anatola,Salvati,
99,Codi,Cargenven,
100,Nicolai,Slorach,